﻿CustomerID,FlightNumber,Origin,Origin_Lat,Origin_Long,Destination,Dest_Lat,Dest_Long,Gender,Country,PurchaseCategory,PurchaseSubcategory,PurchaseAmount
CUST1001,SN1860,BRU,50.9014,4.4844,BER,52.3667,13.5033,Male,Italy,Wi-Fi,Stream Pass,14.99
CUST1002,SN5426,BRU,50.9014,4.4844,BER,52.3667,13.5033,Male,UK,None,None,0.0
CUST1003,SN2685,BRU,50.9014,4.4844,FRA,50.0379,8.5622,Male,Italy,Wi-Fi,Messaging Pass,4.99
CUST1003,SN2685,BRU,50.9014,4.4844,FRA,50.0379,8.5622,Male,Italy,Food & Beverage,Alcoholic Drink,6.06
CUST1003,SN2685,BRU,50.9014,4.4844,FRA,50.0379,8.5622,Male,Italy,Food & Beverage,Alcoholic Drink,3.12
CUST1004,SN3558,BRU,50.9014,4.4844,FRA,50.0379,8.5622,Male,Belgium,Wi-Fi,Surf Pass,9.99
CUST1005,SN4005,BRU,50.9014,4.4844,BER,52.3667,13.5033,Male,Germany,Duty Free,Electronics,114.68
CUST1006,SN6393,BRU,50.9014,4.4844,FCO,41.8003,12.2389,Female,China,Food & Beverage,Hot Meal,8.68
CUST1006,SN6393,BRU,50.9014,4.4844,FCO,41.8003,12.2389,Female,China,Comfort,Priority Boarding,21.83
CUST1007,SN1775,BRU,50.9014,4.4844,MAD,40.4983,-3.5676,Male,USA,None,None,0.0
CUST1008,SN8555,BRU,50.9014,4.4844,LIS,38.7742,-9.1342,Male,Germany,Wi-Fi,Messaging Pass,4.99
CUST1009,SN7873,BRU,50.9014,4.4844,BER,52.3667,13.5033,Male,UK,Duty Free,Confectionery,11.36
CUST1009,SN7873,BRU,50.9014,4.4844,BER,52.3667,13.5033,Male,UK,Comfort,Extra Legroom,27.77
CUST1009,SN7873,BRU,50.9014,4.4844,BER,52.3667,13.5033,Male,UK,Wi-Fi,Stream Pass,14.99
CUST1010,SN5887,BRU,50.9014,4.4844,FCO,41.8003,12.2389,Male,Belgium,Food & Beverage,Snack,7.01
CUST1011,SN9006,BRU,50.9014,4.4844,LHR,51.47,-0.4543,Male,UK,None,None,0.0
CUST1012,SN6258,BRU,50.9014,4.4844,BER,52.3667,13.5033,Male,Italy,Duty Free,Electronics,143.37
CUST1012,SN6258,BRU,50.9014,4.4844,BER,52.3667,13.5033,Male,Italy,Wi-Fi,Messaging Pass,4.99
CUST1013,SN7278,BRU,50.9014,4.4844,MAD,40.4983,-3.5676,Female,France,None,None,0.0
CUST1014,SN3454,BRU,50.9014,4.4844,BER,52.3667,13.5033,Female,Spain,Wi-Fi,Stream Pass,14.99
CUST1015,SN6056,BRU,50.9014,4.4844,FRA,50.0379,8.5622,Male,China,Food & Beverage,Hot Meal,9.65
CUST1015,SN6056,BRU,50.9014,4.4844,FRA,50.0379,8.5622,Male,China,Wi-Fi,Stream Pass,14.99
CUST1016,SN5488,BRU,50.9014,4.4844,FRA,50.0379,8.5622,Female,Belgium,Duty Free,Fragrance,88.29
CUST1017,SN7019,BRU,50.9014,4.4844,LIS,38.7742,-9.1342,Female,Belgium,Duty Free,Electronics,80.59
CUST1018,SN4157,BRU,50.9014,4.4844,LIS,38.7742,-9.1342,Female,Spain,None,None,0.0
CUST1019,SN3693,BRU,50.9014,4.4844,FCO,41.8003,12.2389,Male,Belgium,Wi-Fi,Stream Pass,14.99
CUST1020,SN6592,BRU,50.9014,4.4844,LIS,38.7742,-9.1342,Male,Belgium,None,None,0.0
CUST1021,SN7776,BRU,50.9014,4.4844,AMS,52.308,4.7642,Female,Portugal,None,None,0.0
CUST1022,SN6530,BRU,50.9014,4.4844,LIS,38.7742,-9.1342,Male,Belgium,None,None,0.0
CUST1023,SN1663,BRU,50.9014,4.4844,MAD,40.4983,-3.5676,Female,UK,Food & Beverage,Alcoholic Drink,4.82
CUST1024,SN7585,BRU,50.9014,4.4844,LHR,51.47,-0.4543,Female,Belgium,Food & Beverage,Snack,4.42
CUST1025,SN1698,BRU,50.9014,4.4844,LHR,51.47,-0.4543,Female,Germany,None,None,0.0
CUST1026,SN6855,BRU,50.9014,4.4844,FCO,41.8003,12.2389,Female,Belgium,None,None,0.0
CUST1027,SN6791,BRU,50.9014,4.4844,MAD,40.4983,-3.5676,Female,Germany,None,None,0.0
CUST1028,SN5218,BRU,50.9014,4.4844,LIS,38.7742,-9.1342,Male,Netherlands,Wi-Fi,Surf Pass,9.99
CUST1029,SN2930,BRU,50.9014,4.4844,AMS,52.308,4.7642,Female,Italy,None,None,0.0
CUST1030,SN3511,BRU,50.9014,4.4844,FRA,50.0379,8.5622,Male,Germany,Duty Free,Cosmetics,25.36
CUST1031,SN3911,BRU,50.9014,4.4844,FRA,50.0379,8.5622,Male,USA,Duty Free,Cosmetics,35.13
CUST1032,SN9155,BRU,50.9014,4.4844,FRA,50.0379,8.5622,Female,Belgium,Wi-Fi,Stream Pass,14.99
CUST1033,SN7287,BRU,50.9014,4.4844,BER,52.3667,13.5033,Female,Germany,Wi-Fi,Messaging Pass,4.99
CUST1034,SN5548,BRU,50.9014,4.4844,LIS,38.7742,-9.1342,Female,Spain,Duty Free,Alcohol,64.93
CUST1035,SN5499,BRU,50.9014,4.4844,FRA,50.0379,8.5622,Female,Italy,Duty Free,Fragrance,74.55
CUST1036,SN5199,BRU,50.9014,4.4844,AMS,52.308,4.7642,Female,Belgium,None,None,0.0
CUST1037,SN3200,BRU,50.9014,4.4844,FRA,50.0379,8.5622,Male,Belgium,Wi-Fi,Stream Pass,14.99
CUST1038,SN1956,BRU,50.9014,4.4844,LIS,38.7742,-9.1342,Male,Italy,None,None,0.0
CUST1039,SN5911,BRU,50.9014,4.4844,FCO,41.8003,12.2389,Female,Spain,Food & Beverage,Sandwich,11.8
CUST1039,SN5911,BRU,50.9014,4.4844,FCO,41.8003,12.2389,Female,Spain,Duty Free,Alcohol,60.0
CUST1040,SN7893,BRU,50.9014,4.4844,AMS,52.308,4.7642,Female,China,Comfort,Priority Boarding,19.34
CUST1041,SN5893,BRU,50.9014,4.4844,FCO,41.8003,12.2389,Female,Spain,Comfort,Extra Legroom,29.98
CUST1041,SN5893,BRU,50.9014,4.4844,FCO,41.8003,12.2389,Female,Spain,Comfort,Priority Boarding,22.69
CUST1042,SN9208,BRU,50.9014,4.4844,LIS,38.7742,-9.1342,Female,France,None,None,0.0
CUST1043,SN2060,BRU,50.9014,4.4844,AMS,52.308,4.7642,Female,France,Duty Free,Confectionery,35.59
CUST1043,SN2060,BRU,50.9014,4.4844,AMS,52.308,4.7642,Female,France,Duty Free,Electronics,94.66
CUST1043,SN2060,BRU,50.9014,4.4844,AMS,52.308,4.7642,Female,France,Duty Free,Fragrance,88.52
CUST1044,SN2816,BRU,50.9014,4.4844,LIS,38.7742,-9.1342,Male,Netherlands,Wi-Fi,Surf Pass,9.99
CUST1044,SN2816,BRU,50.9014,4.4844,LIS,38.7742,-9.1342,Male,Netherlands,Comfort,Priority Boarding,24.9
CUST1044,SN2816,BRU,50.9014,4.4844,LIS,38.7742,-9.1342,Male,Netherlands,Wi-Fi,Stream Pass,14.99
CUST1045,SN2409,BRU,50.9014,4.4844,FRA,50.0379,8.5622,Male,Netherlands,None,None,0.0
CUST1046,SN8343,BRU,50.9014,4.4844,AMS,52.308,4.7642,Female,Belgium,Wi-Fi,Messaging Pass,4.99
CUST1047,SN9716,BRU,50.9014,4.4844,LIS,38.7742,-9.1342,Male,Belgium,Comfort,Extra Legroom,21.42
CUST1048,SN5495,BRU,50.9014,4.4844,AMS,52.308,4.7642,Male,Portugal,None,None,0.0
CUST1049,SN6919,BRU,50.9014,4.4844,CDG,49.0097,2.5479,Female,Belgium,Duty Free,Electronics,135.5
CUST1050,SN8509,BRU,50.9014,4.4844,CDG,49.0097,2.5479,Male,Belgium,Duty Free,Confectionery,19.8
CUST1051,SN4124,BRU,50.9014,4.4844,LIS,38.7742,-9.1342,Male,China,Wi-Fi,Messaging Pass,4.99
CUST1052,SN8027,BRU,50.9014,4.4844,LIS,38.7742,-9.1342,Male,Spain,None,None,0.0
CUST1053,SN5465,BRU,50.9014,4.4844,LIS,38.7742,-9.1342,Female,UK,Duty Free,Alcohol,49.14
CUST1053,SN5465,BRU,50.9014,4.4844,LIS,38.7742,-9.1342,Female,UK,Duty Free,Cosmetics,10.76
CUST1054,SN6949,BRU,50.9014,4.4844,FCO,41.8003,12.2389,Female,Spain,Wi-Fi,Surf Pass,9.99
CUST1055,SN8805,BRU,50.9014,4.4844,LHR,51.47,-0.4543,Male,Belgium,Food & Beverage,Snack,6.69
CUST1055,SN8805,BRU,50.9014,4.4844,LHR,51.47,-0.4543,Male,Belgium,Duty Free,Electronics,115.05
CUST1055,SN8805,BRU,50.9014,4.4844,LHR,51.47,-0.4543,Male,Belgium,Duty Free,Alcohol,38.63
CUST1056,SN4506,BRU,50.9014,4.4844,LIS,38.7742,-9.1342,Female,Belgium,None,None,0.0
CUST1057,SN3141,BRU,50.9014,4.4844,FCO,41.8003,12.2389,Female,Italy,Wi-Fi,Surf Pass,9.99
CUST1058,SN7484,BRU,50.9014,4.4844,LIS,38.7742,-9.1342,Male,Belgium,Duty Free,Cosmetics,28.48
CUST1059,SN3849,BRU,50.9014,4.4844,FCO,41.8003,12.2389,Male,Belgium,Comfort,Extra Legroom,30.79
CUST1059,SN3849,BRU,50.9014,4.4844,FCO,41.8003,12.2389,Male,Belgium,Food & Beverage,Alcoholic Drink,6.08
CUST1059,SN3849,BRU,50.9014,4.4844,FCO,41.8003,12.2389,Male,Belgium,Comfort,Priority Boarding,24.44
CUST1060,SN7303,BRU,50.9014,4.4844,MAD,40.4983,-3.5676,Female,Germany,Comfort,Extra Legroom,29.17
CUST1061,SN6732,BRU,50.9014,4.4844,FRA,50.0379,8.5622,Female,Netherlands,Duty Free,Confectionery,18.22
CUST1062,SN6726,BRU,50.9014,4.4844,MAD,40.4983,-3.5676,Male,Belgium,Duty Free,Fragrance,119.02
CUST1063,SN1417,BRU,50.9014,4.4844,FCO,41.8003,12.2389,Male,France,Wi-Fi,Messaging Pass,4.99
CUST1064,SN1412,BRU,50.9014,4.4844,FRA,50.0379,8.5622,Male,France,Comfort,Lounge Access,38.47
CUST1064,SN1412,BRU,50.9014,4.4844,FRA,50.0379,8.5622,Male,France,Comfort,Priority Boarding,24.91
CUST1064,SN1412,BRU,50.9014,4.4844,FRA,50.0379,8.5622,Male,France,Comfort,Lounge Access,35.0
CUST1065,SN7806,BRU,50.9014,4.4844,LIS,38.7742,-9.1342,Female,Portugal,Food & Beverage,Sandwich,9.67
CUST1066,SN9787,BRU,50.9014,4.4844,AMS,52.308,4.7642,Female,UK,Food & Beverage,Alcoholic Drink,3.05
CUST1066,SN9787,BRU,50.9014,4.4844,AMS,52.308,4.7642,Female,UK,Food & Beverage,Soft Drink,3.46
CUST1067,SN1717,BRU,50.9014,4.4844,BER,52.3667,13.5033,Female,France,Comfort,Extra Legroom,21.83
CUST1068,SN8192,BRU,50.9014,4.4844,MAD,40.4983,-3.5676,Female,Belgium,Comfort,Extra Legroom,22.27
CUST1068,SN8192,BRU,50.9014,4.4844,MAD,40.4983,-3.5676,Female,Belgium,Food & Beverage,Hot Meal,14.82
CUST1068,SN8192,BRU,50.9014,4.4844,MAD,40.4983,-3.5676,Female,Belgium,Wi-Fi,Stream Pass,14.99
CUST1069,SN8330,BRU,50.9014,4.4844,CDG,49.0097,2.5479,Female,UK,None,None,0.0
CUST1070,SN8241,BRU,50.9014,4.4844,MAD,40.4983,-3.5676,Female,Portugal,Wi-Fi,Messaging Pass,4.99
CUST1070,SN8241,BRU,50.9014,4.4844,MAD,40.4983,-3.5676,Female,Portugal,Comfort,Lounge Access,37.93
CUST1071,SN3681,BRU,50.9014,4.4844,FRA,50.0379,8.5622,Male,Germany,None,None,0.0
CUST1072,SN2365,BRU,50.9014,4.4844,LIS,38.7742,-9.1342,Female,USA,Comfort,Lounge Access,44.16
CUST1072,SN2365,BRU,50.9014,4.4844,LIS,38.7742,-9.1342,Female,USA,Duty Free,Electronics,94.02
CUST1072,SN2365,BRU,50.9014,4.4844,LIS,38.7742,-9.1342,Female,USA,Duty Free,Alcohol,38.68
CUST1073,SN5268,BRU,50.9014,4.4844,FRA,50.0379,8.5622,Male,France,None,None,0.0
CUST1074,SN9647,BRU,50.9014,4.4844,MAD,40.4983,-3.5676,Male,Spain,Food & Beverage,Alcoholic Drink,7.81
CUST1074,SN9647,BRU,50.9014,4.4844,MAD,40.4983,-3.5676,Male,Spain,Duty Free,Confectionery,18.57
CUST1075,SN1928,BRU,50.9014,4.4844,LIS,38.7742,-9.1342,Male,China,None,None,0.0
CUST1076,SN7316,BRU,50.9014,4.4844,LIS,38.7742,-9.1342,Male,Portugal,Duty Free,Confectionery,12.21
CUST1077,SN7190,BRU,50.9014,4.4844,FRA,50.0379,8.5622,Female,Spain,Food & Beverage,Soft Drink,7.51
CUST1078,SN8114,BRU,50.9014,4.4844,LHR,51.47,-0.4543,Male,China,Comfort,Extra Legroom,25.55
CUST1078,SN8114,BRU,50.9014,4.4844,LHR,51.47,-0.4543,Male,China,Comfort,Lounge Access,37.77
CUST1079,SN1539,BRU,50.9014,4.4844,MAD,40.4983,-3.5676,Male,China,Wi-Fi,Stream Pass,14.99
CUST1079,SN1539,BRU,50.9014,4.4844,MAD,40.4983,-3.5676,Male,China,Food & Beverage,Sandwich,10.17
CUST1079,SN1539,BRU,50.9014,4.4844,MAD,40.4983,-3.5676,Male,China,Comfort,Extra Legroom,33.69
CUST1080,SN2581,BRU,50.9014,4.4844,FCO,41.8003,12.2389,Male,USA,Food & Beverage,Sandwich,10.93
CUST1081,SN9989,BRU,50.9014,4.4844,LIS,38