﻿LOT,Yield,step_1_equipment,step_2_equipment,step_3_equipment,step_4_equipment,step_5_equipment,step_6_equipment,step_7_equipment,step_8_equipment,step_9_equipment,step_10_equipment
LOT-0610A,98,Etcher A,Stepper B,Furnace C,Coater A,Polisher C,CVD C,Aligner A,Dicer B,Wafer Saw A,Tester B
LOT-0612B,98,Etcher A,Stepper B,Furnace D,Coater B,Polisher A,CVD B,Aligner B,Dicer B,Wafer Saw B,Tester C
LOT-0615C,97,Etcher B,Stepper C,Furnace C,Coater A,Polisher C,CVD C,Aligner A,Dicer A,Wafer Saw C,Tester A
LOT-0705A,85,Etcher C,Stepper A,Furnace B,Coater B,Polisher B,CVD B,Aligner C,Dicer A,Wafer Saw B,Tester B
LOT-0708B,97,Etcher B,Stepper A,Furnace C,Coater B,Polisher B,CVD A,Aligner B,Dicer A,Wafer Saw A,Tester C
LOT-0711C,84,Etcher B,Stepper A,Furnace B,Coater A,Polisher B,CVD A,Aligner C,Dicer B,Wafer Saw C,Tester A
LOT-0715D,"96,5",Etcher A,Stepper B,Furnace C,Coater B,Polisher A,CVD A,Aligner A,Dicer B,Wafer Saw B,Tester B
LOT-0802A,"85,5",Etcher C,Stepper A,Furnace D,Coater A,Polisher A,CVD B,Aligner C,Dicer A,Wafer Saw C,Tester C
LOT-0805B,"98,2",Etcher A,Stepper A,Furnace B,Coater B,Polisher B,CVD B,Aligner B,Dicer B,Wafer Saw A,Tester A